sample_id,case_id,canonical_case_id,content_path,style_path,output_path,seed,method,scene_type,content_rigidity,reference_abstraction,semantic_compatibility,include_in_primary_analysis,notes,prompt
v2_0_demuth_church_seed42,v1_5_demuth_church,v1_5_demuth_church,data/raw/photo_ref/photo_lecreusois_church.jpg,data/raw/demuth/demuth_lancaster_1921.jpg,runs/ip_adapter_plus_injection/v2_0_geometry_risk_a2_seed42/v1_5_demuth_church/A2_highres_only.png,42,A2_highres_only,city_architecture,rigid,medium,high,true,frozen_primary,"a church scene with preserved roof geometry, facade layout, and precisionist color planes without copied buildings"
v2_0_demuth_church_seed123,v1_5_demuth_church,v1_5_demuth_church,data/raw/photo_ref/photo_lecreusois_church.jpg,data/raw/demuth/demuth_lancaster_1921.jpg,runs/ip_adapter_plus_injection/v2_0_geometry_risk_a2_seed123/v1_5_demuth_church/A2_highres_only.png,123,A2_highres_only,city_architecture,rigid,medium,high,true,frozen_primary,"a church scene with preserved roof geometry, facade layout, and precisionist color planes without copied buildings"
v2_0_demuth_church_seed777,v1_5_demuth_church,v1_5_demuth_church,data/raw/photo_ref/photo_lecreusois_church.jpg,data/raw/demuth/demuth_lancaster_1921.jpg,runs/ip_adapter_plus_injection/v2_0_geometry_risk_a2_seed777/v1_5_demuth_church/A2_highres_only.png,777,A2_highres_only,city_architecture,rigid,medium,high,true,frozen_primary,"a church scene with preserved roof geometry, facade layout, and precisionist color planes without copied buildings"
v2_0_demuth_wave_seed42,v1_5_demuth_wave,v1_5_demuth_wave,data/raw/photo_ref/photo_sea_wave.jpg,data/raw/demuth/demuth_lancaster_1921.jpg,runs/ip_adapter_plus_injection/v2_0_geometry_risk_a2_seed42/v1_5_demuth_wave/A2_highres_only.png,42,A2_highres_only,water_coast,mixed,medium,low,true,frozen_primary,"an ocean wave scene with preserved wave direction and water motion, precisionist color planes without buildings or hard false edges"
v2_0_demuth_wave_seed123,v1_5_demuth_wave,v1_5_demuth_wave,data/raw/photo_ref/photo_sea_wave.jpg,data/raw/demuth/demuth_lancaster_1921.jpg,runs/ip_adapter_plus_injection/v2_0_geometry_risk_a2_seed123/v1_5_demuth_wave/A2_highres_only.png,123,A2_highres_only,water_coast,mixed,medium,low,true,frozen_primary,"an ocean wave scene with preserved wave direction and water motion, precisionist color planes without buildings or hard false edges"
v2_0_demuth_wave_seed777,v1_5_demuth_wave,v1_5_demuth_wave,data/raw/photo_ref/photo_sea_wave.jpg,data/raw/demuth/demuth_lancaster_1921.jpg,runs/ip_adapter_plus_injection/v2_0_geometry_risk_a2_seed777/v1_5_demuth_wave/A2_highres_only.png,777,A2_highres_only,water_coast,mixed,medium,low,true,frozen_primary,"an ocean wave scene with preserved wave direction and water motion, precisionist color planes without buildings or hard false edges"
v2_0_kulhanek_snow_winter_seed42,v1_5_kulhanek_snow_winter,v1_5_kulhanek_snow_winter,data/raw/photo_ref/photo_snow_winter.jpg,data/raw/kulhanek/kulhanek_e18th_street_1956.jpg,runs/ip_adapter_plus_injection/v2_0_geometry_risk_a2_seed42/v1_5_kulhanek_snow_winter/A2_highres_only.png,42,A2_highres_only,city_architecture,mixed,medium,high,true,frozen_primary,"a snowy winter scene with preserved building edges, terrain, and winter atmosphere, clean watercolor urban brushwork"
v2_0_kulhanek_snow_winter_seed123,v1_5_kulhanek_snow_winter,v1_5_kulhanek_snow_winter,data/raw/photo_ref/photo_snow_winter.jpg,data/raw/kulhanek/kulhanek_e18th_street_1956.jpg,runs/ip_adapter_plus_injection/v2_0_geometry_risk_a2_seed123/v1_5_kulhanek_snow_winter/A2_highres_only.png,123,A2_highres_only,city_architecture,mixed,medium,high,true,frozen_primary,"a snowy winter scene with preserved building edges, terrain, and winter atmosphere, clean watercolor urban brushwork"
v2_0_kulhanek_snow_winter_seed777,v1_5_kulhanek_snow_winter,v1_5_kulhanek_snow_winter,data/raw/photo_ref/photo_snow_winter.jpg,data/raw/kulhanek/kulhanek_e18th_street_1956.jpg,runs/ip_adapter_plus_injection/v2_0_geometry_risk_a2_seed777/v1_5_kulhanek_snow_winter/A2_highres_only.png,777,A2_highres_only,city_architecture,mixed,medium,high,true,frozen_primary,"a snowy winter scene with preserved building edges, terrain, and winter atmosphere, clean watercolor urban brushwork"
