case,seed_count,baseline_takeover_median,baseline_takeover_max,style_at_02_median,style_at_10_median,style_gain_median,incremental_takeover_max_median,incremental_nonzero_interval_count,late_escalation_frequency,style_valid_rate,label_status,profile_label,content_path,reference_path,feature_source,content_canny_density,content_lsd_line_density,content_lsd_length_mean,content_lsd_length_p90,content_lsd_orientation_entropy,content_lsd_orientation_max_share,reference_canny_density,reference_minus_content_canny_density,reference_div_content_canny_density,reference_lsd_line_density,reference_minus_content_lsd_line_density,reference_div_content_lsd_line_density,reference_lsd_length_mean,reference_minus_content_lsd_length_mean,reference_div_content_lsd_length_mean,reference_lsd_length_p90,reference_minus_content_lsd_length_p90,reference_div_content_lsd_length_p90,reference_lsd_orientation_entropy,reference_minus_content_lsd_orientation_entropy,reference_div_content_lsd_orientation_entropy,reference_lsd_orientation_max_share,reference_minus_content_lsd_orientation_max_share,reference_div_content_lsd_orientation_max_share,lab_mean_distance,lab_std_distance,contrast_abs_difference,log_laplacian_variance_ratio,high_frequency_abs_difference,color_histogram_distance,orientation_distribution_js,rgb_patch_nearest_cosine_mean,rgb_patch_nearest_cosine_p10,rgb_patch_mutual_nearest_fraction,clip_global_cosine,clip_patch_nearest_mean,clip_patch_nearest_p10,clip_patch_mutual_nearest_fraction,dino_global_cosine,dino_patch_nearest_mean,dino_patch_nearest_p10,dino_patch_mutual_nearest_fraction
v1_5_kulhanek_snow_winter,3,2.0,2.0,1.0,4.0,3.0,1.0,2.0,0.6666666666666666,1.0,complete,P4_high_initial_susceptibility,data/raw/_photo_ref/photo_snow_winter.jpg,data/raw/kulhanek/kulhanek_e18th_street_1956.jpg,512px fit_square_crop; Canny/LSD; RGB patch baseline; local CLIP vision; DINOv2-small,0.149017333984375,0.04147900640964508,14.084809303283691,21.249133110046387,0.8342773425706731,0.338726200280412,0.08347702026367188,-0.06554031372070312,0.5601832889617039,0.06359561532735825,0.022116608917713165,1.5332000650953492,18.29990005493164,4.215090751647949,1.2992650209801033,35.0086669921875,13.759533882141113,1.6475338928361147,0.7967194320617187,-0.037557910508954406,0.9549815048395938,0.2416098754703472,-0.0971163248100648,0.7132895987093182,31.296457659529157,18.1922184691546,16.95659637451172,-1.1511585221416085,0.10114380103693205,0.40371212363243103,0.07186617659259151,0.9717668294906616,0.8999735116958618,0.0625,0.18053770065307617,0.4890792965888977,0.4195856750011444,0.08984375,0.15817151963710785,0.3218272924423218,0.22003218531608582,0.0859375
v1_5_demuth_church,3,1.0,1.0,0.0,4.0,4.0,1.0,3.0,1.0,1.0,complete,P3_moderate_susceptibility_high_response,data/raw/_photo_ref/photo_lecreusois_church.jpg,data/raw/demuth/demuth_lancaster_1921.jpg,512px fit_square_crop; Canny/LSD; RGB patch baseline; local CLIP vision; DINOv2-small,0.10466384887695312,0.03356057405471802,11.235891342163086,17.525436782836916,0.9309565189368969,0.14679699419317385,0.0579376220703125,-0.046726226806640625,0.5535590625797281,0.05479323863983154,0.021232664585113525,1.6326669070229622,26.948816299438477,15.71292495727539,2.3984582512214296,51.824259185791014,34.2988224029541,2.957088021711605,0.8991099094142958,-0.0318466095226011,0.9657915177832707,0.163031348567863,0.016234354374689147,1.1105905094577477,26.322316228468836,21.060939104823714,16.929885864257812,0.13656880448580333,0.0014554412445306197,0.4844159483909607,0.03733707338683281,0.9892793893814087,0.9804210066795349,0.0625,0.18293660879135132,0.5137431621551514,0.4136250913143158,0.0703125,-0.004748838022351265,0.31194838881492615,0.18269801884889603,0.07421875
v1_5_demuth_wave,3,0.0,1.0,0.0,2.0,2.0,1.0,3.0,1.0,1.0,complete,P2_low_response,data/raw/_photo_ref/photo_sea_wave.jpg,data/raw/demuth/demuth_lancaster_1921.jpg,512px fit_square_crop; Canny/LSD; RGB patch baseline; local CLIP vision; DINOv2-small,0.08988571166992188,0.04833699017763138,12.969552040100098,21.31892318725586,0.7899444500760029,0.27265770997668476,0.0579376220703125,-0.031948089599609375,0.6445698765012944,0.05479323863983154,0.006456248462200165,1.1335674488311,26.948816299438477,13.979264259338379,2.077852513033325,51.824259185791014,30.505335998535156,2.43090416577751,0.8991099094142958,0.10916545933829291,1.1381938430326206,0.163031348567863,-0.10962636140882176,0.5979341225370226,34.45011090768467,10.716075575508873,3.6617584228515625,-0.07559229695570206,0.021140602366301386,0.5455480813980103,0.11795866861250973,0.9671790599822998,0.8970262408256531,0.01953125,0.2003559172153473,0.48068875074386597,0.4091257005929947,0.05859375,0.015628738328814507,0.17857062816619873,0.1273106187582016,0.046875
compat_G1_church,3,0.0,1.0,1.0,4.0,3.0,1.0,2.0,1.0,1.0,complete,P1_low_risk_high_response,data/raw/_photo_ref/photo_lecreusois_church.jpg,data/raw/van_gogh/van_gogh_church_auvers_1890.jpg,512px fit_square_crop; Canny/LSD; RGB patch baseline; local CLIP vision; DINOv2-small,0.10466384887695312,0.03356057405471802,11.235891342163086,17.525436782836916,0.9309565189368969,0.14679699419317385,0.19707489013671875,0.09241104125976562,1.882931807413347,0.07058557122945786,0.03702499717473984,2.1032289589079536,13.113808631896973,1.8779172897338867,1.1671355865365958,22.038206100463867,4.512769317626951,1.257498250887899,0.9041080479688355,-0.026848470968061422,0.9711603384025701,0.26147582677989195,0.1146788325867181,1.7812069532963961,59.11415144620633,10.8558730826057,4.688720703125,1.1652014079913404,0.04862275882921141,0.37205857038497925,0.027840718684337858,0.9887430667877197,0.9802424609661102,0.10546875,0.5288930535316467,0.5986641049385071,0.4971560388803482,0.1484375,0.2166106402873993,0.4650704264640808,0.348075732588768,0.18359375
clean_kulhanek_G1_water_lake,1,0.0,0.0,0.0,2.0,2.0,0.0,0.0,0.0,1.0,seed42_only,P2_low_response,data/raw/_photo_ref/photo_water_lake_and_boat.jpg,data/raw/kulhanek/kulhanek_e18th_street_1956.jpg,512px fit_square_crop; Canny/LSD; RGB patch baseline; local CLIP vision; DINOv2-small,0.061679840087890625,0.06152842566370964,24.25459861755371,42.022977447509795,0.43999245013512844,0.4366042702141263,0.08347702026367188,0.02179718017578125,1.3533922938957264,0.06359561532735825,0.0020671896636486053,1.0335973111834043,18.29990005493164,-5.95469856262207,0.7544919766962256,35.0086669921875,-7.0143104553222955,0.8330839250007034,0.7967194320617187,0.35672698192659025,1.8107570523472254,0.2416098754703472,-0.19499439474377908,0.5533841328483872,25.757809362656815,8.597157988681897,2.7898712158203125,-0.460737343612313,0.06459804435104377,0.49406948685646057,0.13806015650469988,0.987481415271759,0.9708471894264221,0.03125,0.15492017567157745,0.49028751254081726,0.4059632122516632,0.04296875,-0.0408560186624527,0.21690642833709717,0.16061821579933167,0.09375
clean_demuth_G1_water_lake,3,1.0,1.0,1.0,4.0,3.0,0.0,0.0,0.3333333333333333,1.0,complete,P3_moderate_susceptibility_high_response,data/raw/_photo_ref/photo_water_lake_and_boat.jpg,data/raw/demuth/demuth_lancaster_1921.jpg,512px fit_square_crop; Canny/LSD; RGB patch baseline; local CLIP vision; DINOv2-small,0.061679840087890625,0.06152842566370964,24.25459861755371,42.022977447509795,0.43999245013512844,0.4366042702141263,0.0579376220703125,-0.003742218017578125,0.9393283443626693,0.05479323863983154,-0.0067351870238780975,0.890535359043802,26.948816299438477,2.6942176818847656,1.111080695432943,51.824259185791014,9.801281738281219,1.2332362515370034,0.8991099094142958,0.45911745927916736,2.043466675708107,0.163031348567863,-0.2735729216462633,0.3734075905577071,29.38698239927932,31.528352627569912,28.82616424560547,0.3172541280802294,0.05195921522449193,0.42046988010406494,0.2892294307833973,0.9956586360931396,0.9893054068088531,0.08203125,0.22487235069274902,0.5084224343299866,0.41779758036136627,0.06640625,0.0358026921749115,0.2726646065711975,0.18755614757537842,0.1171875
clean_peixotto_G1_water_lake,1,0.0,0.0,1.0,2.0,1.0,0.0,0.0,0.0,1.0,seed42_only,P2_low_response,data/raw/_photo_ref/photo_water_lake_and_boat.jpg,data/raw/peixotto/peixotto_princeton_1897.jpg,512px fit_square_crop; Canny/LSD; RGB patch baseline; local CLIP vision; DINOv2-small,0.061679840087890625,0.06152842566370964,24.25459861755371,42.022977447509795,0.43999245013512844,0.4366042702141263,0.22538375854492188,0.16370391845703125,3.6540911621003156,0.047786131501197815,-0.013742294162511826,0.7766512954902854,13.586602210998535,-10.667996406555176,0.5601660297592203,23.915170288085935,-18.10780715942386,0.5690974733515248,0.7994084945999149,0.3594160444647865,1.8168686629836586,0.3479556048768831,-0.0886486653372432,0.7969587762076474,26.805135143387577,10.49709166552948,2.982311248779297,1.1652027428856124,0.00022551445153257133,0.5131598114967346,0.1257812129680085,0.9854234457015991,0.9676176011562347,0.02734375,0.20456448197364807,0.5185086727142334,0.4211871176958084,0.0390625,0.02370033971965313,0.2661993205547333,0.16470839828252792,0.0703125
clean_kulhanek_G1_forest,1,0.0,0.0,0.0,2.0,2.0,1.0,3.0,1.0,1.0,seed42_only,P2_low_response,data/raw/_photo_ref/photo_forest_trees.jpg,data/raw/kulhanek/kulhanek_e18th_street_1956.jpg,512px fit_square_crop; Canny/LSD; RGB patch baseline; local CLIP vision; DINOv2-small,0.07459259033203125,0.036524698138237,16.797773361206055,29.034586524963395,0.5980039911605619,0.4948162655845215,0.08347702026367188,0.008884429931640625,1.1191060652551907,0.06359561532735825,0.027070917189121246,1.7411674447428553,18.29990005493164,1.502126693725586,1.0894241552987434,35.0086669921875,5.9740804672241055,1.205757380498176,0.7967194320617187,0.19871544090115678,1.3322978505804026,0.2416098754703472,-0.25320639011417434,0.4882819993496695,121.3369500175763,4.552128439355078,8.844459533691406,-0.5702387758805588,0.13109921245523198,0.5033971667289734,0.1713969482997548,0.9871317744255066,0.96991166472435,0.02734375,0.24014216661453247,0.48682892322540283,0.406905934214592,0.04296875,-0.049505576491355896,0.14766255021095276,0.09073156863451004,0.08203125
clean_demuth_G1_forest,3,0.0,1.0,0.0,2.0,2.0,1.0,2.0,0.6666666666666666,1.0,complete,P2_low_response,data/raw/_photo_ref/photo_forest_trees.jpg,data/raw/demuth/demuth_lancaster_1921.jpg,512px fit_square_crop; Canny/LSD; RGB patch baseline; local CLIP vision; DINOv2-small,0.07459259033203125,0.036524698138237,16.797773361206055,29.034586524963395,0.5980039911605619,0.4948162655845215,0.0579376220703125,-0.01665496826171875,0.7767208755241894,0.05479323863983154,0.018268540501594543,1.5001695135837294,26.948816299438477,10.151042938232422,1.6043088402225945,51.824259185791014,22.78967266082762,1.7849146617339802,0.8991099094142958,0.3011059182537339,1.5035182418588375,0.163031348567863,-0.3317849170166585,0.3294785557933826,101.44786912662079,37.59606111680022,40.46049499511719,0.20775269581198372,0.11846038332868014,0.4699520170688629,0.13102722146025633,0.9962328672409058,0.9941807389259338,0.0859375,0.2120783030986786,0.48628729581832886,0.40164896845817566,0.04296875,0.012059773318469524,0.18024085462093353,0.12756358832120895,0.08203125
compat_G2_opposite_wave,3,1.0,1.0,1.0,4.0,3.0,1.0,2.0,1.0,1.0,complete,P3_moderate_susceptibility_high_response,data/raw/_photo_ref/photo_sea_wave.jpg,data/raw/hokusai/hokusai_great_wave_1831.jpg,512px fit_square_crop; Canny/LSD; RGB patch baseline; local CLIP vision; DINOv2-small,0.08988571166992188,0.04833699017763138,12.969552040100098,21.31892318725586,0.7899444500760029,0.27265770997668476,0.12119293212890625,0.031307220458984375,1.348300301319866,0.050003424286842346,0.001666434109210968,1.034475338722727,14.8955659866333,1.9260139465332031,1.148502734757394,28.061481475830078,6.7425582885742195,1.3162710531554813,0.9364683348606194,0.14652388478461653,1.1854863146016394,0.13343682586125447,-0.1392208841154303,0.4893931877908928,27.643696382687665,8.68289112282193,2.4927978515625,1.3252738961211918,0.00984644583852029,0.5544217824935913,0.10971161222482997,0.9737457036972046,0.9401776194572449,0.02734375,0.6393389701843262,0.5979588031768799,0.5161358714103699,0.1015625,0.1796974539756775,0.2606905698776245,0.22427479177713394,0.06640625
compat_G4_sea_cliff_wave,3,2.0,2.0,2.0,4.0,2.0,1.0,1.0,1.0,1.0,complete,P4_high_initial_susceptibility,data/raw/_photo_ref/photo_sea_coast.jpg,data/raw/hokusai/hokusai_great_wave_1831.jpg,512px fit_square_crop; Canny/LSD; RGB patch baseline; local CLIP vision; DINOv2-small,0.09285354614257812,0.024743637070059776,12.402286529541016,20.19181594848633,0.8385718525878237,0.2510957273636057,0.12119293212890625,0.028339385986328125,1.3052052093176123,0.050003424286842346,0.02525978721678257,2.020859914218001,14.8955659866333,2.493279457092285,1.201033853810226,28.061481475830078,7.869665527343749,1.3897453080704063,0.9364683348606194,0.09789648227279568,1.116741913016384,0.13343682586125447,-0.11765890150235123,0.5314181458294103,52.360942818995895,8.493398496321282,7.350181579589844,1.2689220681143722,0.013475693753092377,0.5008196234703064,0.08010304473652317,0.9965515732765198,0.9935266375541687,0.08984375,0.44960081577301025,0.489121675491333,0.42446349561214447,0.06640625,-0.01379814837127924,0.19142954051494598,0.12021991610527039,0.0859375
compat_G4_city_mismatch,1,3.0,3.0,,,,0.0,0.0,0.0,0.0,seed42_only,P4_high_initial_susceptibility,data/raw/_photo_ref/photo_seregei_street.jpg,data/raw/monet/monet_boulevard_capucines_1873.jpg,512px fit_square_crop; Canny/LSD; RGB patch baseline; local CLIP vision; DINOv2-small,0.18457794189453125,0.045013975352048874,14.425602912902832,23.554514694213882,0.884005503207035,0.21503254075616465,0.163665771484375,-0.02091217041015625,0.8867027652626793,0.04983283951878548,0.004818864166736603,1.1070526237473772,10.205765724182129,-4.219837188720703,0.7074758528847128,15.449585914611816,-8.104928779602066,0.6559076302432576,0.8746838757167728,-0.009321627490262219,0.9894552381671327,0.22672772579122505,0.011695185035060396,1.0543879777169267,14.698437773476462,8.890305669108361,9.840999603271484,-0.9293308202200329,0.14536331641671696,0.37716424465179443,0.08837755076433967,0.9995930194854736,0.9992826581001282,0.0859375,0.45396944880485535,0.568385660648346,0.4888620525598526,0.125,0.3581358790397644,0.5132168531417847,0.33410006761550903,0.10546875
clean_demuth_G4_city_mismatch,3,2.0,3.0,1.0,3.0,1.0,1.0,2.0,0.6666666666666666,1.0,complete,P4_high_initial_susceptibility,data/raw/_photo_ref/photo_seregei_street.jpg,data/raw/demuth/demuth_lancaster_1921.jpg,512px fit_square_crop; Canny/LSD; RGB patch baseline; local CLIP vision; DINOv2-small,0.18457794189453125,0.045013975352048874,14.425602912902832,23.554514694213882,0.884005503207035,0.21503254075616465,0.0579376220703125,-0.12664031982421875,0.3138924482288265,0.05479323863983154,0.009779263287782669,1.2172494922143675,26.948816299438477,12.523213386535645,1.868124088965071,51.824259185791014,28.269744491577132,2.200183695507067,0.8991099094142958,0.015104406207260834,1.0170863259928409,0.163031348567863,-0.052001192188301654,0.7581705912721917,15.316017035145894,20.994665159496762,16.29995346069336,-1.3712772002374172,0.1512547308735841,0.4226972162723541,0.05142444873104481,0.9994781613349915,0.9990420341491699,0.08203125,0.27197128534317017,0.5282120108604431,0.4356631636619568,0.0625,-0.005841417238116264,0.24132157862186432,0.1618022844195366,0.078125
