target,feature_count,features,split,held_out_group,n_usable,n_train,n_test,test_positive_rate,accuracy,balanced_accuracy,mean_positive_probability
style_viability,1,content_lsd_orientation_entropy,leave_one_content_family_out,church,23,18,5,1.0,1.0,,0.7865529538945111
style_viability,1,content_lsd_orientation_entropy,leave_one_content_family_out,city,23,21,2,0.5,0.5,0.5,0.9257558376525514
style_viability,1,content_lsd_orientation_entropy,leave_one_content_family_out,coast,23,22,1,1.0,1.0,,0.8660125297814196
style_viability,1,content_lsd_orientation_entropy,leave_one_content_family_out,forest,23,19,4,0.5,0.5,0.5,0.9568206069179672
style_viability,1,content_lsd_orientation_entropy,leave_one_content_family_out,lake,23,17,6,1.0,0.0,,0.47504725514028706
style_viability,1,content_lsd_orientation_entropy,leave_one_content_family_out,snow,23,22,1,1.0,1.0,,0.8659836390482406
style_viability,1,content_lsd_orientation_entropy,leave_one_content_family_out,wave,23,19,4,1.0,1.0,,0.8416073225844093
style_viability,1,content_lsd_orientation_entropy,leave_one_reference_family_out,demuth,23,18,5,1.0,1.0,,0.833950068270134
style_viability,1,content_lsd_orientation_entropy,leave_one_reference_family_out,hokusai,23,19,4,0.75,0.75,0.5,0.896378128403456
style_viability,1,content_lsd_orientation_entropy,leave_one_reference_family_out,kulhanek,23,19,4,1.0,1.0,,0.8417489913615859
style_viability,1,content_lsd_orientation_entropy,leave_one_reference_family_out,monet,23,18,5,0.6,0.6,0.5,0.9458840864113848
style_viability,1,content_lsd_orientation_entropy,leave_one_reference_family_out,peixotto,23,21,2,1.0,1.0,,0.8560784582896683
style_viability,1,content_lsd_orientation_entropy,leave_one_reference_family_out,van_gogh,23,20,3,1.0,1.0,,0.8504049428499562
style_viability,2,content_lsd_orientation_entropy+clip_patch_mutual_nearest_fraction,leave_one_content_family_out,church,23,18,5,1.0,0.8,,0.6697406490449893
style_viability,2,content_lsd_orientation_entropy+clip_patch_mutual_nearest_fraction,leave_one_content_family_out,city,23,21,2,0.5,0.5,0.5,0.9281948197233958
style_viability,2,content_lsd_orientation_entropy+clip_patch_mutual_nearest_fraction,leave_one_content_family_out,coast,23,22,1,1.0,1.0,,0.8846987216451357
style_viability,2,content_lsd_orientation_entropy+clip_patch_mutual_nearest_fraction,leave_one_content_family_out,forest,23,19,4,0.5,0.5,0.5,0.972956829784085
style_viability,2,content_lsd_orientation_entropy+clip_patch_mutual_nearest_fraction,leave_one_content_family_out,lake,23,17,6,1.0,0.16666666666666666,,0.4446081293016894
style_viability,2,content_lsd_orientation_entropy+clip_patch_mutual_nearest_fraction,leave_one_content_family_out,snow,23,22,1,1.0,1.0,,0.8573729264292907
style_viability,2,content_lsd_orientation_entropy+clip_patch_mutual_nearest_fraction,leave_one_content_family_out,wave,23,19,4,1.0,1.0,,0.8506109389083347
style_viability,2,content_lsd_orientation_entropy+clip_patch_mutual_nearest_fraction,leave_one_reference_family_out,demuth,23,18,5,1.0,1.0,,0.8537145390060541
style_viability,2,content_lsd_orientation_entropy+clip_patch_mutual_nearest_fraction,leave_one_reference_family_out,hokusai,23,19,4,0.75,0.75,0.5,0.9081736661686096
style_viability,2,content_lsd_orientation_entropy+clip_patch_mutual_nearest_fraction,leave_one_reference_family_out,kulhanek,23,19,4,1.0,1.0,,0.8562989450150225
style_viability,2,content_lsd_orientation_entropy+clip_patch_mutual_nearest_fraction,leave_one_reference_family_out,monet,23,18,5,0.6,0.6,0.5,0.9584903321887419
style_viability,2,content_lsd_orientation_entropy+clip_patch_mutual_nearest_fraction,leave_one_reference_family_out,peixotto,23,21,2,1.0,1.0,,0.859970445607613
style_viability,2,content_lsd_orientation_entropy+clip_patch_mutual_nearest_fraction,leave_one_reference_family_out,van_gogh,23,20,3,1.0,1.0,,0.787432807015028
style_viability,3,content_lsd_orientation_entropy+clip_patch_mutual_nearest_fraction+clip_patch_nearest_p10,leave_one_content_family_out,church,23,18,5,1.0,0.8,,0.6801364828017228
style_viability,3,content_lsd_orientation_entropy+clip_patch_mutual_nearest_fraction+clip_patch_nearest_p10,leave_one_content_family_out,city,23,21,2,0.5,0.5,0.5,0.9316188555646905
style_viability,3,content_lsd_orientation_entropy+clip_patch_mutual_nearest_fraction+clip_patch_nearest_p10,leave_one_content_family_out,coast,23,22,1,1.0,1.0,,0.8875270826461886
style_viability,3,content_lsd_orientation_entropy+clip_patch_mutual_nearest_fraction+clip_patch_nearest_p10,leave_one_content_family_out,forest,23,19,4,0.5,0.5,0.5,0.97849472969319
style_viability,3,content_lsd_orientation_entropy+clip_patch_mutual_nearest_fraction+clip_patch_nearest_p10,leave_one_content_family_out,lake,23,17,6,1.0,0.0,,0.44193226586842943
style_viability,3,content_lsd_orientation_entropy+clip_patch_mutual_nearest_fraction+clip_patch_nearest_p10,leave_one_content_family_out,snow,23,22,1,1.0,1.0,,0.8722163664427499
style_viability,3,content_lsd_orientation_entropy+clip_patch_mutual_nearest_fraction+clip_patch_nearest_p10,leave_one_content_family_out,wave,23,19,4,1.0,1.0,,0.8353648232517478
style_viability,3,content_lsd_orientation_entropy+clip_patch_mutual_nearest_fraction+clip_patch_nearest_p10,leave_one_reference_family_out,demuth,23,18,5,1.0,1.0,,0.8591518650090215
style_viability,3,content_lsd_orientation_entropy+clip_patch_mutual_nearest_fraction+clip_patch_nearest_p10,leave_one_reference_family_out,hokusai,23,19,4,0.75,0.75,0.5,0.8552716520562696
style_viability,3,content_lsd_orientation_entropy+clip_patch_mutual_nearest_fraction+clip_patch_nearest_p10,leave_one_reference_family_out,kulhanek,23,19,4,1.0,1.0,,0.863197800792455
style_viability,3,content_lsd_orientation_entropy+clip_patch_mutual_nearest_fraction+clip_patch_nearest_p10,leave_one_reference_family_out,monet,23,18,5,0.6,0.6,0.5,0.959935868233907
style_viability,3,content_lsd_orientation_entropy+clip_patch_mutual_nearest_fraction+clip_patch_nearest_p10,leave_one_reference_family_out,peixotto,23,21,2,1.0,1.0,,0.8522504230800754
style_viability,3,content_lsd_orientation_entropy+clip_patch_mutual_nearest_fraction+clip_patch_nearest_p10,leave_one_reference_family_out,van_gogh,23,20,3,1.0,1.0,,0.785314933727319
initial_susceptibility,1,content_canny_density,leave_one_content_family_out,church,21,17,4,0.0,1.0,,0.1826963146637526
initial_susceptibility,1,content_canny_density,leave_one_content_family_out,city,21,19,2,1.0,0.0,,0.0915294669461843
initial_susceptibility,1,content_canny_density,leave_one_content_family_out,coast,21,20,1,1.0,0.0,,0.05842894280539274
initial_susceptibility,1,content_canny_density,leave_one_content_family_out,forest,21,17,4,0.0,1.0,,0.08385455859345738
initial_susceptibility,1,content_canny_density,leave_one_content_family_out,lake,21,15,6,0.0,1.0,,0.057308766563761736
initial_susceptibility,1,content_canny_density,leave_one_content_family_out,snow,21,20,1,0.0,1.0,,0.4065972168722948
initial_susceptibility,1,content_canny_density,leave_one_content_family_out,wave,21,18,3,0.0,1.0,,0.11805244393800816
initial_susceptibility,1,content_canny_density,leave_one_reference_family_out,demuth,21,17,4,0.25,0.75,0.5,0.16919159531721745
initial_susceptibility,1,content_canny_density,leave_one_reference_family_out,hokusai,21,18,3,0.3333333333333333,0.6666666666666666,0.5,0.040271872646581185
initial_susceptibility,1,content_canny_density,leave_one_reference_family_out,kulhanek,21,17,4,0.0,1.0,,0.19269574408796147
initial_susceptibility,1,content_canny_density,leave_one_reference_family_out,monet,21,16,5,0.2,0.8,0.5,0.16982504387501524
initial_susceptibility,1,content_canny_density,leave_one_reference_family_out,peixotto,21,19,2,0.0,1.0,,0.10406999794126827
initial_susceptibility,1,content_canny_density,leave_one_reference_family_out,van_gogh,21,18,3,0.0,1.0,,0.1121223659137341
initial_susceptibility,2,content_canny_density+clip_patch_mutual_nearest_fraction,leave_one_content_family_out,church,21,17,4,0.0,1.0,,0.2762033565066787
initial_susceptibility,2,content_canny_density+clip_patch_mutual_nearest_fraction,leave_one_content_family_out,city,21,19,2,1.0,0.0,,0.09286621937215792
initial_susceptibility,2,content_canny_density+clip_patch_mutual_nearest_fraction,leave_one_content_family_out,coast,21,20,1,1.0,0.0,,0.055216576832774
initial_susceptibility,2,content_canny_density+clip_patch_mutual_nearest_fraction,leave_one_content_family_out,forest,21,17,4,0.0,1.0,,0.09119078108639374
initial_susceptibility,2,content_canny_density+clip_patch_mutual_nearest_fraction,leave_one_content_family_out,lake,21,15,6,0.0,1.0,,0.061884309107822895
initial_susceptibility,2,content_canny_density+clip_patch_mutual_nearest_fraction,leave_one_content_family_out,snow,21,20,1,0.0,1.0,,0.40629780651378145
initial_susceptibility,2,content_canny_density+clip_patch_mutual_nearest_fraction,leave_one_content_family_out,wave,21,18,3,0.0,1.0,,0.12142310631570456
initial_susceptibility,2,content_canny_density+clip_patch_mutual_nearest_fraction,leave_one_reference_family_out,demuth,21,17,4,0.25,0.75,0.5,0.15978075272140935
initial_susceptibility,2,content_canny_density+clip_patch_mutual_nearest_fraction,leave_one_reference_family_out,hokusai,21,18,3,0.3333333333333333,0.6666666666666666,0.5,0.037639811390982984
initial_susceptibility,2,content_canny_density+clip_patch_mutual_nearest_fraction,leave_one_reference_family_out,kulhanek,21,17,4,0.0,1.0,,0.19546626924153712
initial_susceptibility,2,content_canny_density+clip_patch_mutual_nearest_fraction,leave_one_reference_family_out,monet,21,16,5,0.2,0.8,0.5,0.14245226990675214
initial_susceptibility,2,content_canny_density+clip_patch_mutual_nearest_fraction,leave_one_reference_family_out,peixotto,21,19,2,0.0,1.0,,0.1037107871291281
initial_susceptibility,2,content_canny_density+clip_patch_mutual_nearest_fraction,leave_one_reference_family_out,van_gogh,21,18,3,0.0,1.0,,0.11920811566986543
initial_susceptibility,3,content_canny_density+clip_patch_mutual_nearest_fraction+content_lsd_orientation_entropy,leave_one_content_family_out,church,21,17,4,0.0,0.75,,0.42408238618588634
initial_susceptibility,3,content_canny_density+clip_patch_mutual_nearest_fraction+content_lsd_orientation_entropy,leave_one_content_family_out,city,21,19,2,1.0,0.0,,0.08840006846578743
initial_susceptibility,3,content_canny_density+clip_patch_mutual_nearest_fraction+content_lsd_orientation_entropy,leave_one_content_family_out,coast,21,20,1,1.0,0.0,,0.05955844486390298
initial_susceptibility,3,content_canny_density+clip_patch_mutual_nearest_fraction+content_lsd_orientation_entropy,leave_one_content_family_out,forest,21,17,4,0.0,1.0,,0.07896552175600072
initial_susceptibility,3,content_canny_density+clip_patch_mutual_nearest_fraction+content_lsd_orientation_entropy,leave_one_content_family_out,lake,21,15,6,0.0,1.0,,0.03220538434069377
initial_susceptibility,3,content_canny_density+clip_patch_mutual_nearest_fraction+content_lsd_orientation_entropy,leave_one_content_family_out,snow,21,20,1,0.0,1.0,,0.40395590816131816
initial_susceptibility,3,content_canny_density+clip_patch_mutual_nearest_fraction+content_lsd_orientation_entropy,leave_one_content_family_out,wave,21,18,3,0.0,1.0,,0.13909744639356528
initial_susceptibility,3,content_canny_density+clip_patch_mutual_nearest_fraction+content_lsd_orientation_entropy,leave_one_reference_family_out,demuth,21,17,4,0.25,0.75,0.5,0.1616423736697097
initial_susceptibility,3,content_canny_density+clip_patch_mutual_nearest_fraction+content_lsd_orientation_entropy,leave_one_reference_family_out,hokusai,21,18,3,0.3333333333333333,0.6666666666666666,0.5,0.035376546271409855
initial_susceptibility,3,content_canny_density+clip_patch_mutual_nearest_fraction+content_lsd_orientation_entropy,leave_one_reference_family_out,kulhanek,21,17,4,0.0,1.0,,0.19901779127914343
initial_susceptibility,3,content_canny_density+clip_patch_mutual_nearest_fraction+content_lsd_orientation_entropy,leave_one_reference_family_out,monet,21,16,5,0.2,0.8,0.5,0.13475198625281154
initial_susceptibility,3,content_canny_density+clip_patch_mutual_nearest_fraction+content_lsd_orientation_entropy,leave_one_reference_family_out,peixotto,21,19,2,0.0,1.0,,0.11191720952204293
initial_susceptibility,3,content_canny_density+clip_patch_mutual_nearest_fraction+content_lsd_orientation_entropy,leave_one_reference_family_out,van_gogh,21,18,3,0.0,1.0,,0.1204363176365233
style_responsiveness,1,clip_patch_mutual_nearest_fraction,leave_one_content_family_out,church,20,15,5,0.4,0.4,0.3333333333333333,0.3480802301333065
style_responsiveness,1,clip_patch_mutual_nearest_fraction,leave_one_content_family_out,city,20,19,1,0.0,1.0,,0.1274123219699751
style_responsiveness,1,clip_patch_mutual_nearest_fraction,leave_one_content_family_out,coast,20,19,1,0.0,1.0,,0.13485238916760237
style_responsiveness,1,clip_patch_mutual_nearest_fraction,leave_one_content_family_out,forest,20,18,2,0.0,1.0,,0.10076089311688098
style_responsiveness,1,clip_patch_mutual_nearest_fraction,leave_one_content_family_out,lake,20,14,6,0.0,1.0,,0.16744735658601403
style_responsiveness,1,clip_patch_mutual_nearest_fraction,leave_one_content_family_out,snow,20,19,1,0.0,1.0,,0.19086527968603023
style_responsiveness,1,clip_patch_mutual_nearest_fraction,leave_one_content_family_out,wave,20,16,4,0.25,0.75,0.5,0.1239594512237416
style_responsiveness,1,clip_patch_mutual_nearest_fraction,leave_one_reference_family_out,demuth,20,15,5,0.2,0.8,0.5,0.09229872118690947
style_responsiveness,1,clip_patch_mutual_nearest_fraction,leave_one_reference_family_out,hokusai,20,17,3,0.3333333333333333,0.6666666666666666,0.5,0.12174130293670948
style_responsiveness,1,clip_patch_mutual_nearest_fraction,leave_one_reference_family_out,kulhanek,20,16,4,0.0,1.0,,0.16241142592720006
style_responsiveness,1,clip_patch_mutual_nearest_fraction,leave_one_reference_family_out,monet,20,17,3,0.0,1.0,,0.19647036613524724
style_responsiveness,1,clip_patch_mutual_nearest_fraction,leave_one_reference_family_out,peixotto,20,18,2,0.5,0.5,0.5,0.11162260182146262
style_responsiveness,1,clip_patch_mutual_nearest_fraction,leave_one_reference_family_out,van_gogh,20,17,3,0.0,0.6666666666666666,,0.3389470067373525
style_responsiveness,2,clip_patch_mutual_nearest_fraction+dino_patch_nearest_mean,leave_one_content_family_out,church,20,15,5,0.4,0.4,0.3333333333333333,0.35566338508242773
style_responsiveness,2,clip_patch_mutual_nearest_fraction+dino_patch_nearest_mean,leave_one_content_family_out,city,20,19,1,0.0,1.0,,0.12031365744373303
style_responsiveness,2,clip_patch_mutual_nearest_fraction+dino_patch_nearest_mean,leave_one_content_family_out,coast,20,19,1,0.0,1.0,,0.11505273441732645
style_responsiveness,2,clip_patch_mutual_nearest_fraction+dino_patch_nearest_mean,leave_one_content_family_out,forest,20,18,2,0.0,1.0,,0.0872936508579263
style_responsiveness,2,clip_patch_mutual_nearest_fraction+dino_patch_nearest_mean,leave_one_content_family_out,lake,20,14,6,0.0,1.0,,0.18355325119798613
style_responsiveness,2,clip_patch_mutual_nearest_fraction+dino_patch_nearest_mean,leave_one_content_family_out,snow,20,19,1,0.0,1.0,,0.19566730919633937
style_responsiveness,2,clip_patch_mutual_nearest_fraction+dino_patch_nearest_mean,leave_one_content_family_out,wave,20,16,4,0.25,0.75,0.5,0.08458361247187128
style_responsiveness,2,clip_patch_mutual_nearest_fraction+dino_patch_nearest_mean,leave_one_reference_family_out,demuth,20,15,5,0.2,0.8,0.5,0.09065725400687431
style_responsiveness,2,clip_patch_mutual_nearest_fraction+dino_patch_nearest_mean,leave_one_reference_family_out,hokusai,20,17,3,0.3333333333333333,0.6666666666666666,0.5,0.09391535047825716
style_responsiveness,2,clip_patch_mutual_nearest_fraction+dino_patch_nearest_mean,leave_one_reference_family_out,kulhanek,20,16,4,0.0,1.0,,0.16367330015476517
style_responsiveness,2,clip_patch_mutual_nearest_fraction+dino_patch_nearest_mean,leave_one_reference_family_out,monet,20,17,3,0.0,1.0,,0.20266669557048722
style_responsiveness,2,clip_patch_mutual_nearest_fraction+dino_patch_nearest_mean,leave_one_reference_family_out,peixotto,20,18,2,0.5,0.5,0.5,0.11190440620394325
style_responsiveness,2,clip_patch_mutual_nearest_fraction+dino_patch_nearest_mean,leave_one_reference_family_out,van_gogh,20,17,3,0.0,0.6666666666666666,,0.35182763963218594
style_responsiveness,3,clip_patch_mutual_nearest_fraction+dino_patch_nearest_mean+dino_patch_nearest_p10,leave_one_content_family_out,church,20,15,5,0.4,0.4,0.3333333333333333,0.42189949657194
style_responsiveness,3,clip_patch_mutual_nearest_fraction+dino_patch_nearest_mean+dino_patch_nearest_p10,leave_one_content_family_out,city,20,19,1,0.0,1.0,,0.12122876387271533
style_responsiveness,3,clip_patch_mutual_nearest_fraction+dino_patch_nearest_mean+dino_patch_nearest_p10,leave_one_content_family_out,coast,20,19,1,0.0,1.0,,0.11996923059551047
style_responsiveness,3,clip_patch_mutual_nearest_fraction+dino_patch_nearest_mean+dino_patch_nearest_p10,leave_one_content_family_out,forest,20,18,2,0.0,1.0,,0.09071792951969677
style_responsiveness,3,clip_patch_mutual_nearest_fraction+dino_patch_nearest_mean+dino_patch_nearest_p10,leave_one_content_family_out,lake,20,14,6,0.0,1.0,,0.1829741241064291
style_responsiveness,3,clip_patch_mutual_nearest_fraction+dino_patch_nearest_mean+dino_patch_nearest_p10,leave_one_content_family_out,snow,20,19,1,0.0,1.0,,0.19563325946557508
style_responsiveness,3,clip_patch_mutual_nearest_fraction+dino_patch_nearest_mean+dino_patch_nearest_p10,leave_one_content_family_out,wave,20,16,4,0.25,0.75,0.5,0.08798510327085934
style_responsiveness,3,clip_patch_mutual_nearest_fraction+dino_patch_nearest_mean+dino_patch_nearest_p10,leave_one_reference_family_out,demuth,20,15,5,0.2,0.8,0.5,0.08981626117807043
style_responsiveness,3,clip_patch_mutual_nearest_fraction+dino_patch_nearest_mean+dino_patch_nearest_p10,leave_one_reference_family_out,hokusai,20,17,3,0.3333333333333333,0.6666666666666666,0.5,0.09922922118839596
style_responsiveness,3,clip_patch_mutual_nearest_fraction+dino_patch_nearest_mean+dino_patch_nearest_p10,leave_one_reference_family_out,kulhanek,20,16,4,0.0,1.0,,0.16313225829268718
style_responsiveness,3,clip_patch_mutual_nearest_fraction+dino_patch_nearest_mean+dino_patch_nearest_p10,leave_one_reference_family_out,monet,20,17,3,0.0,1.0,,0.2022709187486186
style_responsiveness,3,clip_patch_mutual_nearest_fraction+dino_patch_nearest_mean+dino_patch_nearest_p10,leave_one_reference_family_out,peixotto,20,18,2,0.5,0.5,0.5,0.1114664527845878
style_responsiveness,3,clip_patch_mutual_nearest_fraction+dino_patch_nearest_mean+dino_patch_nearest_p10,leave_one_reference_family_out,van_gogh,20,17,3,0.0,0.6666666666666666,,0.35713246382723524
pressure_escalation,1,reference_div_content_lsd_line_density,leave_one_content_family_out,church,23,18,5,0.6,1.0,1.0,0.5365063932783067
pressure_escalation,1,reference_div_content_lsd_line_density,leave_one_content_family_out,city,23,21,2,0.0,1.0,,0.4087740072121273
pressure_escalation,1,reference_div_content_lsd_line_density,leave_one_content_family_out,coast,23,22,1,1.0,1.0,,0.6645834479927983
pressure_escalation,1,reference_div_content_lsd_line_density,leave_one_content_family_out,forest,23,19,4,0.25,0.25,0.5,0.5563044150901424
pressure_escalation,1,reference_div_content_lsd_line_density,leave_one_content_family_out,lake,23,17,6,0.16666666666666666,0.8333333333333334,0.5,0.33015461471901564
pressure_escalation,1,reference_div_content_lsd_line_density,leave_one_content_family_out,snow,23,22,1,1.0,0.0,,0.4851918372461725
pressure_escalation,1,reference_div_content_lsd_line_density,leave_one_content_family_out,wave,23,19,4,0.75,0.25,0.5,0.24947867260960407
pressure_escalation,1,reference_div_content_lsd_line_density,leave_one_reference_family_out,demuth,23,18,5,0.6,0.6,0.6666666666666666,0.35172427943456835
pressure_escalation,1,reference_div_content_lsd_line_density,leave_one_reference_family_out,hokusai,23,19,4,0.5,0.75,0.75,0.4142966826073957
pressure_escalation,1,reference_div_content_lsd_line_density,leave_one_reference_family_out,kulhanek,23,19,4,0.75,0.5,0.6666666666666666,0.4346982556360858
pressure_escalation,1,reference_div_content_lsd_line_density,leave_one_reference_family_out,monet,23,18,5,0.2,0.6,0.375,0.4110917252346602
pressure_escalation,1,reference_div_content_lsd_line_density,leave_one_reference_family_out,peixotto,23,21,2,0.0,0.5,,0.38753493610832146
pressure_escalation,1,reference_div_content_lsd_line_density,leave_one_reference_family_out,van_gogh,23,20,3,0.3333333333333333,0.6666666666666666,0.75,0.547116306678458
pressure_escalation,2,reference_div_content_lsd_line_density+reference_div_content_lsd_length_p90,leave_one_content_family_out,church,23,18,5,0.6,1.0,1.0,0.6041263515624966
pressure_escalation,2,reference_div_content_lsd_line_density+reference_div_content_lsd_length_p90,leave_one_content_family_out,city,23,21,2,0.0,0.5,,0.5041920489046571
pressure_escalation,2,reference_div_content_lsd_line_density+reference_div_content_lsd_length_p90,leave_one_content_family_out,coast,23,22,1,1.0,1.0,,0.6095078053218775
pressure_escalation,2,reference_div_content_lsd_line_density+reference_div_content_lsd_length_p90,leave_one_content_family_out,forest,23,19,4,0.25,0.75,0.8333333333333333,0.4944742761198
pressure_escalation,2,reference_div_content_lsd_line_density+reference_div_content_lsd_length_p90,leave_one_content_family_out,lake,23,17,6,0.16666666666666666,0.8333333333333334,0.5,0.2340306571799002
pressure_escalation,2,reference_div_content_lsd_line_density+reference_div_content_lsd_length_p90,leave_one_content_family_out,snow,23,22,1,1.0,1.0,,0.5563777303492804
pressure_escalation,2,reference_div_content_lsd_line_density+reference_div_content_lsd_length_p90,leave_one_content_family_out,wave,23,19,4,0.75,0.25,0.5,0.28774174864818586
pressure_escalation,2,reference_div_content_lsd_line_density+reference_div_content_lsd_length_p90,leave_one_reference_family_out,demuth,23,18,5,0.6,0.4,0.3333333333333333,0.7713648730248182
pressure_escalation,2,reference_div_content_lsd_line_density+reference_div_content_lsd_length_p90,leave_one_reference_family_out,hokusai,23,19,4,0.5,0.75,0.75,0.3758675921470453
pressure_escalation,2,reference_div_content_lsd_line_density+reference_div_content_lsd_length_p90,leave_one_reference_family_out,kulhanek,23,19,4,0.75,0.5,0.6666666666666666,0.452550564877072
pressure_escalation,2,reference_div_content_lsd_line_density+reference_div_content_lsd_length_p90,leave_one_reference_family_out,monet,23,18,5,0.2,0.8,0.5,0.26667446082537294
pressure_escalation,2,reference_div_content_lsd_line_density+reference_div_content_lsd_length_p90,leave_one_reference_family_out,peixotto,23,21,2,0.0,0.5,,0.35553257975602537
pressure_escalation,2,reference_div_content_lsd_line_density+reference_div_content_lsd_length_p90,leave_one_reference_family_out,van_gogh,23,20,3,0.3333333333333333,1.0,1.0,0.4393470783874618
pressure_escalation,3,reference_div_content_lsd_line_density+reference_div_content_lsd_length_p90+content_lsd_length_mean,leave_one_content_family_out,church,23,18,5,0.6,0.6,0.5,0.6676453187815474
pressure_escalation,3,reference_div_content_lsd_line_density+reference_div_content_lsd_length_p90+content_lsd_length_mean,leave_one_content_family_out,city,23,21,2,0.0,0.5,,0.5346560472122783
pressure_escalation,3,reference_div_content_lsd_line_density+reference_div_content_lsd_length_p90+content_lsd_length_mean,leave_one_content_family_out,coast,23,22,1,1.0,1.0,,0.6084292229761091
pressure_escalation,3,reference_div_content_lsd_line_density+reference_div_content_lsd_length_p90+content_lsd_length_mean,leave_one_content_family_out,forest,23,19,4,0.25,0.75,0.8333333333333333,0.47368769081378326
pressure_escalation,3,reference_div_content_lsd_line_density+reference_div_content_lsd_length_p90+content_lsd_length_mean,leave_one_content_family_out,lake,23,17,6,0.16666666666666666,0.8333333333333334,0.5,0.04798437452883094
pressure_escalation,3,reference_div_content_lsd_line_density+reference_div_content_lsd_length_p90+content_lsd_length_mean,leave_one_content_family_out,snow,23,22,1,1.0,1.0,,0.5594728849020681
pressure_escalation,3,reference_div_content_lsd_line_density+reference_div_content_lsd_length_p90+content_lsd_length_mean,leave_one_content_family_out,wave,23,19,4,0.75,0.25,0.5,0.2791385014996606
pressure_escalation,3,reference_div_content_lsd_line_density+reference_div_content_lsd_length_p90+content_lsd_length_mean,leave_one_reference_family_out,demuth,23,18,5,0.6,0.4,0.3333333333333333,0.7284227358127341
pressure_escalation,3,reference_div_content_lsd_line_density+reference_div_content_lsd_length_p90+content_lsd_length_mean,leave_one_reference_family_out,hokusai,23,19,4,0.5,0.75,0.75,0.3770460385958007
pressure_escalation,3,reference_div_content_lsd_line_density+reference_div_content_lsd_length_p90+content_lsd_length_mean,leave_one_reference_family_out,kulhanek,23,19,4,0.75,0.5,0.6666666666666666,0.4250513134969439
pressure_escalation,3,reference_div_content_lsd_line_density+reference_div_content_lsd_length_p90+content_lsd_length_mean,leave_one_reference_family_out,monet,23,18,5,0.2,0.8,0.5,0.3020537324196012
pressure_escalation,3,reference_div_content_lsd_line_density+reference_div_content_lsd_length_p90+content_lsd_length_mean,leave_one_reference_family_out,peixotto,23,21,2,0.0,0.5,,0.3695081129511558
pressure_escalation,3,reference_div_content_lsd_line_density+reference_div_content_lsd_length_p90+content_lsd_length_mean,leave_one_reference_family_out,van_gogh,23,20,3,0.3333333333333333,1.0,1.0,0.43632702580817
